Ticker,Date,Open,High,Low,Close,Adj Close,Volume,Daily return,Percentage Return,7 Day Moving Average
AAPL,2023-02-07,150.6399994,155.2299957,150.6399994,154.6499939,154.4142303,83322600,4.009994507,2.661971935,106.8321435
AAPL,2023-02-08,153.8800049,154.5800018,151.1699982,151.9199982,151.6884003,64120100,-1.960006714,-1.273724104,106.5758336
AAPL,2023-02-09,153.7799988,154.3300018,150.4199982,150.8699951,150.6399994,56007100,-2.910003662,-1.892316091,106.2470001
AAPL,2023-02-10,149.4600067,151.3399963,149.2200012,151.0099945,151.0099945,57450700,1.549987793,1.03705856,105.8812504
AAPL,2023-02-13,150.9499969,154.2599945,150.9199982,153.8500061,153.8500061,62199000,2.900009155,1.921172053,105.8483327
AAPL,2023-02-14,152.1199951,153.7700043,150.8600006,153.1999969,153.1999969,61707600,1.080001831,0.709967043,105.7124977
AAPL,2023-02-15,153.1100006,155.5,152.8800049,155.3300018,155.3300018,65573800,2.220001221,1.449938745,106.2149963
AAPL,2023-02-16,153.5099945,156.3300018,153.3500061,153.7100067,153.7100067,68167900,0.200012207,0.130292629,#DIV/0!
AAPL,2023-02-17,152.3500061,153,150.8500061,152.5500031,152.5500031,59144100,0.199996948,0.131274657,#DIV/0!
AAPL,2023-02-21,150.1999969,151.3000031,148.4100037,148.4799957,148.4799957,58867200,-1.720001221,-1.14514065,#DIV/0!
AAPL,2023-02-22,148.8699951,149.9499969,147.1600037,148.9100037,148.9100037,51011300,0.040008545,0.026874821,#DIV/0!
AAPL,2023-02-23,150.0899963,150.3399963,147.2400055,149.3999939,149.3999939,48394200,-0.690002441,-0.459725803,#DIV/0!
AAPL,2023-02-24,147.1100006,147.1900024,145.7200012,146.7100067,146.7100067,55469600,-0.399993896,-0.271901227,#DIV/0!
AAPL,2023-02-27,147.7100067,149.1699982,147.4499969,147.9199982,147.9199982,44998500,0.209991455,0.142164678,#DIV/0!
AAPL,2023-02-28,147.0500031,149.0800018,146.8300018,147.4100037,147.4100037,50547000,0.36000061,0.244815099,#DIV/0!
AAPL,2023-03-01,146.8300018,147.2299957,145.0099945,145.3099976,145.3099976,55479000,-1.520004272,-1.035213685,#DIV/0!
AAPL,2023-03-02,144.3800049,146.7100067,143.8999939,145.9100037,145.9100037,52238100,1.529998779,1.059702679,#DIV/0!
AAPL,2023-03-03,148.0399933,151.1100006,147.3300018,151.0299988,151.0299988,70732300,2.990005493,2.019728201,#DIV/0!
AAPL,2023-03-06,153.7899933,156.3000031,153.4600067,153.8300018,153.8300018,87558000,0.040008545,0.026015051,#DIV/0!
AAPL,2023-03-07,153.6999969,154.0299988,151.1300049,151.6000061,151.6000061,56182000,-2.099990845,-1.366292054,#DIV/0!
AAPL,2023-03-08,152.8099976,153.4700012,151.8300018,152.8699951,152.8699951,47204800,0.059997559,0.039262849,#DIV/0!
AAPL,2023-03-09,153.5599976,154.5399933,150.2299957,150.5899963,150.5899963,53833600,-2.970001221,-1.934098247,#DIV/0!
AAPL,2023-03-10,150.2100067,150.9400024,147.6100006,148.5,148.5,68572400,-1.710006714,-1.13841065,#DIV/0!
AAPL,2023-03-13,147.8099976,153.1399994,147.6999969,150.4700012,150.4700012,84457100,2.660003662,1.799610112,#DIV/0!
AAPL,2023-03-14,151.2799988,153.3999939,150.1000061,152.5899963,152.5899963,73695900,1.309997559,0.865942338,#DIV/0!
AAPL,2023-03-15,151.1900024,153.25,149.9199982,152.9900055,152.9900055,77167900,1.800003052,1.19055693,#DIV/0!
AAPL,2023-03-16,152.1600037,156.4600067,151.6399994,155.8500061,155.8500061,76161100,3.690002441,2.42508041,#DIV/0!
AAPL,2023-03-17,156.0800018,156.7400055,154.2799988,155,155,98944600,-1.080001831,-0.69195401,#DIV/0!
AAPL,2023-03-20,155.0700073,157.8200073,154.1499939,157.3999939,157.3999939,73641400,2.329986572,1.502538507,#DIV/0!
AAPL,2023-03-21,157.3200073,159.3999939,156.5399933,159.2799988,159.2799988,73938300,1.959991455,1.245862804,#DIV/0!
AAPL,2023-03-22,159.3000031,162.1399994,157.8099976,157.8300018,157.8300018,75701800,-1.470001221,-0.922787943,#DIV/0!
AAPL,2023-03-23,158.8300018,161.5500031,157.6799927,158.9299927,158.9299927,67622100,0.099990845,0.062954633,#DIV/0!
AAPL,2023-03-24,158.8600006,160.3399963,157.8500061,160.25,160.25,59196500,1.38999939,0.874983875,#DIV/0!
AAPL,2023-03-27,159.9400024,160.7700043,157.8699951,158.2799988,158.2799988,52390300,-1.660003662,-1.037891482,#DIV/0!
AAPL,2023-03-28,157.9700012,158.4900055,155.9799957,157.6499939,157.6499939,45992200,-0.320007324,-0.202574743,#DIV/0!
AAPL,2023-03-29,159.3699951,161.0500031,159.3500061,160.7700043,160.7700043,51305700,1.400009155,0.878464704,#DIV/0!
AAPL,2023-03-30,161.5299988,162.4700012,161.2700043,162.3600006,162.3600006,49501700,0.830001831,0.513837577,#DIV/0!
AAPL,2023-03-31,162.4400024,165,161.9100037,164.8999939,164.8999939,68749800,2.459991455,1.514400036,#DIV/0!
AAPL,2023-04-03,164.2700043,166.2899933,164.2200012,166.1699982,166.1699982,56976200,1.899993896,1.156628628,#DIV/0!
AAPL,2023-04-04,166.6000061,166.8399963,165.1100006,165.6300049,165.6300049,46278300,-0.970001221,-0.582233605,#DIV/0!
AAPL,2023-04-05,164.7400055,165.0500031,161.8000031,163.7599945,163.7599945,51511700,-0.980010986,-0.594883425,#DIV/0!
AAPL,2023-04-06,162.4299927,164.9600067,162,164.6600037,164.6600037,45390100,2.230010986,1.372905921,#DIV/0!
AAPL,2023-04-10,161.4199982,162.0299988,160.0800018,162.0299988,162.0299988,47716900,0.61000061,0.377896554,#DIV/0!
AAPL,2023-04-11,162.3500061,162.3600006,160.5099945,160.8000031,160.8000031,47644200,-1.550003052,-0.954729285,#DIV/0!
AAPL,2023-04-12,161.2200012,162.0599976,159.7799988,160.1000061,160.1000061,50133100,-1.119995117,-0.694699857,#DIV/0!
AAPL,2023-04-13,161.6300049,165.8000031,161.4199982,165.5599976,165.5599976,68445600,3.929992676,2.4314747,#DIV/0!
AAPL,2023-04-14,164.5899963,166.3200073,163.8200073,165.2100067,165.2100067,49386500,0.620010376,0.376699915,#DIV/0!
AAPL,2023-04-17,165.0899963,165.3899994,164.0299988,165.2299957,165.2299957,41516200,0.13999939,0.084801861,#DIV/0!
AAPL,2023-04-18,166.1000061,167.4100037,165.6499939,166.4700012,166.4700012,49923000,0.369995117,0.222754427,#DIV/0!
AAPL,2023-04-19,165.8000031,168.1600037,165.5399933,167.6300049,167.6300049,47720200,1.830001831,1.103740529,#DIV/0!
AAPL,2023-04-20,166.0899963,167.8699951,165.5599976,166.6499939,166.6499939,52456400,0.559997559,0.337165134,#DIV/0!
AAPL,2023-04-21,165.0500031,166.4499969,164.4900055,165.0200043,165.0200043,58337300,-0.029998779,-0.01817557,#DIV/0!
AAPL,2023-04-24,165,165.6000061,163.8899994,165.3300018,165.3300018,41949600,0.330001831,0.20000111,#DIV/0!
AAPL,2023-04-25,165.1900024,166.3099976,163.7299957,163.7700043,163.7700043,48714100,-1.419998169,-0.859615078,#DIV/0!
AAPL,2023-04-26,163.0599976,165.2799988,162.8000031,163.7599945,163.7599945,45498800,0.699996948,0.429287967,#DIV/0!
AAPL,2023-04-27,165.1900024,168.5599976,165.1900024,168.4100037,168.4100037,64902300,3.220001221,1.949271247,#DIV/0!
AAPL,2023-04-28,168.4900055,169.8500061,167.8800049,169.6799927,169.6799927,55209200,1.189987183,0.706265739,#DIV/0!
AAPL,2023-05-01,169.2799988,170.4499969,168.6399994,169.5899963,169.5899963,52472900,0.309997559,0.183127104,#DIV/0!
AAPL,2023-05-02,170.0899963,170.3500061,167.5399933,168.5399933,168.5399933,48425700,-1.550003052,-0.911284076,#DIV/0!
AAPL,2023-05-03,169.5,170.9199982,167.1600037,167.4499969,167.4499969,65136000,-2.050003052,-1.209441328,#DIV/0!
AAPL,2023-05-04,164.8899994,167.0399933,164.3099976,165.7899933,165.7899933,81235400,0.899993896,0.545814725,#DIV/0!
AAPL,2023-05-05,170.9799957,174.3000031,170.7599945,173.5700073,173.5700073,113316400,2.590011597,1.514803873,#DIV/0!
MSFT,2023-02-07,260.5299988,268.769989,260.0799866,267.5599976,266.89151,50841400,7.029998779,2.698345224,#DIV/0!
MSFT,2023-02-08,273.2000122,276.7600098,266.2099915,266.730011,266.0635986,54686000,-6.470001221,-2.368228745,#DIV/0!
MSFT,2023-02-09,273.7999878,273.980011,262.7999878,263.6199951,262.9613647,42375100,-10.17999268,-3.718039857,#DIV/0!
MSFT,2023-02-10,261.5299988,264.0899963,260.6600037,263.1000061,262.4426575,25818500,1.570007324,0.600316343,#DIV/0!
MSFT,2023-02-13,267.6400146,274.6000061,267.1499939,271.3200073,270.6421204,44630900,3.679992676,1.374978506,#DIV/0!
MSFT,2023-02-14,272.6700134,274.9700012,269.2799988,272.1700134,271.4900208,37047900,-0.5,-0.183371832,#DIV/0!
MSFT,2023-02-15,268.3200073,270.730011,266.1799927,269.3200073,269.3200073,28922400,1,0.372689316,#DIV/0!
MSFT,2023-02-16,264.019989,266.7399902,261.8999939,262.1499939,262.1499939,29603600,-1.869995117,-0.708277856,#DIV/0!
MSFT,2023-02-17,259.3900146,260.0899963,256,258.0599976,258.0599976,30000100,-1.33001709,-0.512747991,#DIV/0!
MSFT,2023-02-21,254.4799957,255.4900055,251.5899963,252.6699982,252.6699982,28397400,-1.809997559,-0.711253375,#DIV/0!
MSFT,2023-02-22,254.0899963,254.3399963,250.3399963,251.5099945,251.5099945,22491100,-2.580001831,-1.015388984,#DIV/0!
MSFT,2023-02-23,255.5599976,256.8399963,250.4799957,254.7700043,254.7700043,29219100,-0.789993286,-0.309122435,#DIV/0!
MSFT,2023-02-24,249.9600067,251,248.1000061,249.2200012,249.2200012,24990900,-0.740005493,-0.296049557,#DIV/0!
MSFT,2023-02-27,252.4600067,252.8200073,249.3899994,250.1600037,250.1600037,21190000,-2.300003052,-0.911036596,#DIV/0!
MSFT,2023-02-28,249.0700073,251.4900055,248.7299957,249.4199982,249.4199982,22491000,0.349990845,0.140519065,#DIV/0!
MSFT,2023-03-01,250.7599945,250.9299927,245.7899933,246.2700043,246.2700043,27565300,-4.489990234,-1.790552852,#DIV/0!
MSFT,2023-03-02,246.5500031,251.3999939,245.6100006,251.1100006,251.1100006,24808200,4.559997559,1.84952241,#DIV/0!
MSFT,2023-03-03,252.1900024,255.6199951,251.3899994,255.2899933,255.2899933,30760100,3.099990845,1.229228286,#DIV/0!
MSFT,2023-03-06,256.4299927,260.1199951,255.9799957,256.8699951,256.8699951,24109800,0.440002441,0.171587745,#DIV/0!
MSFT,2023-03-07,256.2999878,257.6900024,253.3899994,254.1499939,254.1499939,21473200,-2.149993896,-0.838858369,#DIV/0!
MSFT,2023-03-08,254.0399933,254.5399933,250.8099976,253.6999969,253.6999969,17340200,-0.339996338,-0.133835753,#DIV/0!
MSFT,2023-03-09,255.8200073,259.5599976,251.5800018,252.3200073,252.3200073,26653400,-3.5,-1.368149441,#DIV/0!
MSFT,2023-03-10,251.0800018,252.7899933,247.6000061,248.5899963,248.5899963,28333900,-2.490005493,-0.991717968,#DIV/0!
MSFT,2023-03-13,247.3999939,257.9100037,245.7299957,253.9199982,253.9199982,33339700,6.520004272,2.635410038,#DIV/0!
MSFT,2023-03-14,256.75,261.0700073,255.8600006,260.7900085,260.7900085,33620300,4.040008545,1.573518421,#DIV/0!
MSFT,2023-03-15,259.980011,266.480011,259.2099915,265.4400024,265.4400024,46028000,5.459991455,2.100158175,#DIV/0!
MSFT,2023-03-16,265.2099915,276.5599976,263.2799988,276.2000122,276.2000122,54768800,10.99002075,4.143893935,#DIV/0!
MSFT,2023-03-17,278.2600098,283.3299866,276.3200073,279.4299927,279.4299927,69527400,1.16998291,0.420463908,#DIV/0!
MSFT,2023-03-20,276.980011,277.480011,269.8500061,272.230011,272.230011,43466600,-4.75,-1.714925197,#DIV/0!
MSFT,2023-03-21,274.8800049,275,269.519989,273.7799988,273.7799988,34558700,-1.100006104,-0.400176835,#DIV/0!
MSFT,2023-03-22,273.3999939,281.0400085,272.1799927,272.2900085,272.2900085,34873300,-1.109985352,-0.405993188,#DIV/0!
MSFT,2023-03-23,277.9400024,281.0599976,275.2000122,277.6600037,277.6600037,36610900,-0.279998779,-0.100740727,#DIV/0!
MSFT,2023-03-24,277.2399902,280.6300049,275.2799988,280.5700073,280.5700073,28172000,3.33001709,1.201131585,#DIV/0!
MSFT,2023-03-27,280.5,281.4599915,275.519989,276.3800049,276.3800049,26840200,-4.119995117,-1.468803963,#DIV/0!
MSFT,2023-03-28,275.7900085,276.1400146,272.0499878,275.230011,275.230011,21878600,-0.559997559,-0.203052156,#DIV/0!
MSFT,2023-03-29,278.9599915,281.1400146,278.4100037,280.5100098,280.5100098,25087000,1.550018311,0.555641797,#DIV/0!
MSFT,2023-03-30,284.230011,284.4599915,281.480011,284.0499878,284.0499878,25053400,-0.180023193,-0.063337152,#DIV/0!
MSFT,2023-03-31,283.730011,289.269989,283,288.2999878,288.2999878,32766000,4.569976807,1.610677979,#DIV/0!
MSFT,2023-04-03,286.519989,288.269989,283.9500122,287.230011,287.230011,24883300,0.710021973,0.247808879,#DIV/0!
MSFT,2023-04-04,287.230011,290.4500122,285.6700134,287.1799927,287.1799927,25824300,-0.050018311,-0.017414027,#DIV/0!
MSFT,2023-04-05,285.8500061,287.1499939,282.9200134,284.3399963,284.3399963,22064800,-1.510009766,-0.528252487,#DIV/0!
MSFT,2023-04-06,283.2099915,292.0799866,282.0299988,291.6000061,291.6000061,29770300,8.390014648,2.962471276,#DIV/0!
MSFT,2023-04-10,289.2099915,289.6000061,284.7099915,289.3900146,289.3900146,23103000,0.180023193,0.062246533,#DIV/0!
MSFT,2023-04-11,285.75,285.980011,281.6400146,282.8299866,282.8299866,27276600,-2.920013428,-1.021876965,#DIV/0!
MSFT,2023-04-12,284.7900085,287.0100098,281.9599915,283.4899902,283.4899902,27403400,-1.300018311,-0.456483118,#DIV/0!
MSFT,2023-04-13,283.5899963,289.8999939,283.1700134,289.8399963,289.8399963,24222700,6.25,2.20388592,#DIV/0!
MSFT,2023-04-14,287,288.480011,283.6900024,286.1400146,286.1400146,20987900,-0.859985352,-0.299646464,#DIV/0!
MSFT,2023-04-17,289.9299927,291.6000061,286.1600037,288.7999878,288.7999878,23836200,-1.130004883,-0.389750944,#DIV/0!
MSFT,2023-04-18,291.5700073,291.7600098,287.0100098,288.3699951,288.3699951,20161800,-3.200012207,-1.097510761,#DIV/0!
MSFT,2023-04-19,285.9899902,289.0499878,284.5400085,288.4500122,288.4500122,17150300,2.460021973,0.860177648,#DIV/0!
MSFT,2023-04-20,285.25,289.0299988,285.0799866,286.1099854,286.1099854,23244400,0.859985352,0.301484786,#DIV/0!
MSFT,2023-04-21,285.0100098,286.269989,283.0599976,285.7600098,285.7600098,21676400,0.75,0.263148652,#DIV/0!
MSFT,2023-04-24,282.0899963,284.9500122,278.7200012,281.769989,281.769989,26611000,-0.320007324,-0.113441571,#DIV/0!
MSFT,2023-04-25,279.5100098,281.6000061,275.3699951,275.4200134,275.4200134,45772200,-4.089996338,-1.463273656,#DIV/0!
MSFT,2023-04-26,296.7000122,299.5700073,292.730011,295.3699951,295.3699951,64599200,-1.33001709,-0.448269982,#DIV/0!
MSFT,2023-04-27,295.9700012,305.2000122,295.25,304.8299866,304.8299866,46462600,8.859985352,2.993541682,#DIV/0!
MSFT,2023-04-28,304.0100098,308.9299927,303.3099976,307.2600098,307.2600098,36446700,3.25,1.069043747,#DIV/0!
MSFT,2023-05-01,306.9700012,308.6000061,305.1499939,305.5599976,305.5599976,21294100,-1.410003662,-0.459329464,#DIV/0!
MSFT,2023-05-02,307.7600098,309.1799927,303.9100037,305.4100037,305.4100037,26404400,-2.350006104,-0.763583971,#DIV/0!
MSFT,2023-05-03,306.6199951,308.6099854,304.0899963,304.3999939,304.3999939,22360800,-2.220001221,-0.724023631,#DIV/0!
MSFT,2023-05-04,306.2399902,307.7600098,303.3999939,305.4100037,305.4100037,22519900,-0.829986572,-0.271024882,#DIV/0!
MSFT,2023-05-05,305.7200012,311.9700012,304.269989,310.6499939,310.6499939,28181200,4.929992676,1.612584278,#DIV/0!
NFLX,2023-02-07,358.5100098,364.1799927,354.1799927,362.9500122,362.9500122,6289400,4.440002441,1.238459826,#DIV/0!
NFLX,2023-02-08,360.019989,368.1900024,358.3099976,366.8299866,366.8299866,6253200,6.809997559,1.89156096,#DIV/0!
NFLX,2023-02-09,372.4100037,373.8299866,361.7399902,362.5,362.5,6901100,-9.910003662,-2.661046579,#DIV/0!
NFLX,2023-02-10,359.1600037,362.1400146,347.1400146,347.3599854,347.3599854,7291100,-11.80001831,-3.285448878,#DIV/0!
NFLX,2023-02-13,349.5,359.7000122,344.25,358.5700073,358.5700073,7134400,9.070007324,2.595138004,#DIV/0!
NFLX,2023-02-14,357.5499878,363.75,353.3999939,359.9599915,359.9599915,4624800,2.410003662,0.674032651,#DIV/0!
NFLX,2023-02-15,356.6300049,362.8800049,354.2399902,361.4200134,361.4200134,3966000,4.790008545,1.34313111,#DIV/0!
NFLX,2023-02-16,355,361.5,350.3099976,350.7099915,350.7099915,5215700,-4.290008545,-1.208453111,#DIV/0!
NFLX,2023-02-17,347.9100037,349,342.4400024,347.9599915,347.9599915,5294700,0.049987793,0.014368024,#DIV/0!
NFLX,2023-02-21,342.8500061,344.1300049,336.4200134,337.5,337.5,5710300,-5.350006104,-1.560450928,#DIV/0!
NFLX,2023-02-22,337.5,341.9100037,332.8200073,334.8800049,334.8800049,4546200,-2.619995117,-0.77629485,#DIV/0!
NFLX,2023-02-23,331.230011,331.2799988,314.2999878,323.6499939,323.6499939,13238700,-7.58001709,-2.28844514,#DIV/0!
NFLX,2023-02-24,319.2999878,321.5,314.519989,317.1499939,317.1499939,6830700,-2.149993896,-0.673346063,#DIV/0!
NFLX,2023-02-27,323.8699951,330,322.1199951,323.0299988,323.0299988,6142600,-0.839996338,-0.259362198,#DIV/0!
NFLX,2023-02-28,323.7000122,327.6199951,321.1700134,322.1300049,322.1300049,3676100,-1.570007324,-0.485019235,#DIV/0!
NFLX,2023-03-01,321.5499878,326.6000061,312.3599854,313.480011,313.480011,4911300,-8.069976807,-2.509711433,#DIV/0!
NFLX,2023-03-02,310.9599915,315.5700073,310.3800049,311.8800049,311.8800049,4911000,0.920013428,0.295862314,#DIV/0!
NFLX,2023-03-03,315.4500122,317.4899902,310.8200073,315.1799927,315.1799927,5953300,-0.270019531,-0.0855982,#DIV/0!
NFLX,2023-03-06,317,323.2999878,311.8399963,312.0299988,312.0299988,5660700,-4.970001221,-1.567823729,#DIV/0!
NFLX,2023-03-07,312.6799927,314.2999878,306.6199951,308.4700012,308.4700012,4553100,-4.209991455,-1.346421758,#DIV/0!
NFLX,2023-03-08,309.2900085,311.8299866,305.75,311.7900085,311.7900085,3479500,2.5,0.808302865,#DIV/0!
NFLX,2023-03-09,312.0799866,312.5100098,294.8800049,297.7799988,297.7799988,7443400,-14.29998779,-4.582154707,#DIV/0!
NFLX,2023-03-10,297.8999939,298.7900085,289,292.7600098,292.7600098,5759300,-5.139984131,-1.72540592,#DIV/0!
NFLX,2023-03-13,287.3399963,299.2399902,285.3299866,293.5100098,293.5100098,6292400,6.170013428,2.147286666,#DIV/0!
NFLX,2023-03-14,295.9700012,297.4500122,290.3099976,294.9400024,294.9400024,5956700,-1.029998779,-0.34800783,#DIV/0!
NFLX,2023-03-15,292.5100098,306.3099976,292.2799988,303.7900085,303.7900085,9215300,11.27999878,3.856277872,#DIV/0!
NFLX,2023-03-16,304.75,316.6000061,301.7099915,310.0599976,310.0599976,7903700,5.309997559,1.742411012,#DIV/0!
NFLX,2023-03-17,310.0599976,310.7600098,300,303.5,303.5,6918800,-6.559997559,-2.115718767,#DIV/0!
NFLX,2023-03-20,299.7900085,307.5,296,305.1300049,305.1300049,5113400,5.339996338,1.7812456,#DIV/0!
NFLX,2023-03-21,306.3200073,307.9200134,300.4299927,305.7900085,305.7900085,4886300,-0.529998779,-0.173021274,#DIV/0!
NFLX,2023-03-22,306.3099976,306.4500122,293.5400085,293.8999939,293.8999939,5808000,-12.41000366,-4.051452372,#DIV/0!
NFLX,2023-03-23,304.6799927,322.7799988,304.1400146,320.3699951,320.3699951,15653300,15.69000244,5.149666148,#DIV/0!
NFLX,2023-03-24,320.6300049,331.8299866,320.6300049,328.3900146,328.3900146,12991700,7.760009766,2.420238171,#DIV/0!
NFLX,2023-03-27,327.5499878,336.4400024,324.4100037,327.6600037,327.6600037,8625800,0.110015869,0.033587505,#DIV/0!
NFLX,2023-03-28,326.0599976,333.3200073,321.2799988,323.519989,323.519989,6489400,-2.540008545,-0.779000357,#DIV/0!
NFLX,2023-03-29,326.2900085,332.8500061,325.730011,332.0299988,332.0299988,6287300,5.739990234,1.75916825,#DIV/0!
NFLX,2023-03-30,340.269989,343.2900085,335.2999878,338.4299927,338.4299927,7131500,-1.839996338,-0.540745995,#DIV/0!
NFLX,2023-03-31,340.0499878,345.8399963,337.2000122,345.480011,345.480011,5610200,5.430023193,1.596830874,#DIV/0!
NFLX,2023-04-03,341.8299866,348.5799866,340.3999939,348.2799988,348.2799988,4413700,6.450012207,1.886906492,#DIV/0!
NFLX,2023-04-04,348.4899902,349.7999878,343.9500122,346.75,346.75,3298100,-1.739990234,-0.499294179,#DIV/0!
NFLX,2023-04-05,345.2999878,345.4299927,336.25,342.3500061,342.3500061,4205500,-2.949981689,-0.854324296,#DIV/0!
NFLX,2023-04-06,339.3399963,340.480011,332.6300049,339.3299866,339.3299866,4660500,-0.010009766,-0.002949775,#DIV/0!
NFLX,2023-04-10,335.269989,339.8800049,333.3599854,338.9899902,338.9899902,2657900,3.720001221,1.109553895,#DIV/0!
NFLX,2023-04-11,343.4500122,347.1400146,337.6400146,338.2099915,338.2099915,4044800,-5.240020752,-1.52570114,#DIV/0!
NFLX,2023-04-12,340.8099976,342.7999878,330.0400085,331.0299988,331.0299988,3965400,-9.779998779,-2.869633769,#DIV/0!
NFLX,2023-04-13,339.9899902,346.4299927,338.75,346.1900024,346.1900024,7406400,6.200012207,1.823586689,#DIV/0!
NFLX,2023-04-14,342.9400024,344.8500061,336.4100037,338.6300049,338.6300049,5350500,-4.309997559,-1.256778891,#DIV/0!
NFLX,2023-04-17,338,338.3900146,327.5,332.7200012,332.7200012,6136000,-5.279998779,-1.562129816,#DIV/0!
NFLX,2023-04-18,335,337.1900024,330.5,333.7000122,333.7000122,17944500,-1.299987793,-0.388056058,#DIV/0!
NFLX,2023-04-19,324.2099915,325.75,316.1000061,323.1199951,323.1199951,22128300,-1.089996338,-0.336200724,#DIV/0!
NFLX,2023-04-20,320.3900146,331.4299927,318.3299866,325.3500061,325.3500061,9947800,4.959991455,1.548110499,#DIV/0!
NFLX,2023-04-21,323,328.2900085,319.5,327.980011,327.980011,6348000,4.980010986,1.541799067,#DIV/0!
NFLX,2023-04-24,330.2000122,334.6600037,326.75,329.019989,329.019989,5586600,-1.180023193,-0.357366187,#DIV/0!
NFLX,2023-04-25,328.5,328.6600037,321.1000061,322.5499878,322.5499878,5426600,-5.950012207,-1.811267034,#DIV/0!
NFLX,2023-04-26,321.3599854,325.8999939,320.4700012,321.1499939,321.1499939,4623200,-0.209991455,-0.065344618,#DIV/0!
NFLX,2023-04-27,324.2999878,327.4500122,317.4400024,325.8500061,325.8500061,5618800,1.550018311,0.477958177,#DIV/0!
NFLX,2023-04-28,325.2399902,330.8099976,324,329.9299927,329.9299927,4221900,4.690002441,1.442012847,#DIV/0!
NFLX,2023-05-01,329.4400024,331.230011,318.0899963,324.1199951,324.1199951,5341500,-5.320007324,-1.614863795,#DIV/0!
NFLX,2023-05-02,325,326.0700073,315.6199951,317.5499878,317.5499878,4318600,-7.450012207,-2.292311448,#DIV/0!
NFLX,2023-05-03,317.5499878,324.6199951,315.8500061,319.2999878,319.2999878,5064100,1.75,0.551094337,#DIV/0!
NFLX,2023-05-04,319.0100098,323.6099854,317.9500122,320.7799988,320.7799988,3879700,1.769989014,0.55483808,#DIV/0!
NFLX,2023-05-05,323.6099854,324.1499939,319.4400024,322.7600098,322.7600098,3988600,-0.849975586,-0.262654314,#DIV/0!
GOOG,2023-02-07,103.6299973,108.6699982,103.5479965,108.0400009,108.0400009,33738800,4.410003662,4.255528109,#DIV/0!
GOOG,2023-02-08,102.6900024,103.5800018,98.45500183,100,100,73546000,-2.690002441,-2.619536837,#DIV/0!
GOOG,2023-02-09,100.5400009,100.6100006,93.86000061,95.45999908,95.45999908,97798600,-5.080001831,-5.052717112,#DIV/0!
GOOG,2023-02-10,95.73999786,97.01999664,94.52999878,94.86000061,94.86000061,49325300,-0.879997253,-0.919153199,#DIV/0!
GOOG,2023-02-13,95.01000214,95.34999847,94.05000305,95,95,43116600,-0.010002136,-0.010527456,#DIV/0!
GOOG,2023-02-14,94.66000366,95.17500305,92.65000153,94.94999695,94.94999695,42513100,0.289993286,0.306352498,#DIV/0!
GOOG,2023-02-15,94.73999786,97.33999634,94.36000061,97.09999847,97.09999847,36964500,2.36000061,2.491028777,#DIV/0!
GOOG,2023-02-16,95.54000092,97.87999725,94.97000122,95.77999878,95.77999878,35642100,0.239997864,0.251201446,#DIV/0!
GOOG,2023-02-17,95.06999969,95.75,93.44999695,94.58999634,94.58999634,31095100,-0.480003357,-0.504894665,#DIV/0!
GOOG,2023-02-21,93.23999786,93.41500092,92,92.05000305,92.05000305,28367200,-1.189994812,-1.276270741,#DIV/0!
GOOG,2023-02-22,91.93399811,92.36000061,90.87000275,91.80000305,91.80000305,29891100,-0.133995056,-0.145751364,#DIV/0!
GOOG,2023-02-23,92.12999725,92.12999725,90.01000214,91.06999969,91.06999969,32423700,-1.059997559,-1.150545523,#DIV/0!
GOOG,2023-02-24,89.62999725,90.12999725,88.86000061,89.34999847,89.34999847,31295600,-0.279998779,-0.312394051,#DIV/0!
GOOG,2023-02-27,90.08999634,90.44999695,89.61000061,90.09999847,90.09999847,22724300,0.010002136,0.011102383,#DIV/0!
GOOG,2023-02-28,89.54000092,91.44999695,89.51999664,90.30000305,90.30000305,30546900,0.760002136,0.848785044,#DIV/0!
GOOG,2023-03-01,90.16000366,91.19999695,89.84999847,90.51000214,90.51000214,26323900,0.349998474,0.38819705,#DIV/0!
GOOG,2023-03-02,89.86000061,92.48000336,89.76999664,92.30999756,92.30999756,23328600,2.449996948,2.726459973,#DIV/0!
GOOG,2023-03-03,92.73999786,94.11000061,92.66000366,94.01999664,94.01999664,30242500,1.279998779,1.380201433,#DIV/0!
GOOG,2023-03-06,94.36000061,96.30000305,94.30000305,95.58000183,95.58000183,28288200,1.220001221,1.292922014,#DIV/0!
GOOG,2023-03-07,95.41999817,96.08999634,93.84400177,94.16999817,94.16999817,24101500,-1.25,-1.309997929,#DIV/0!
GOOG,2023-03-08,94.40499878,96.23999786,94.40499878,94.65000153,94.65000153,25395200,0.245002747,0.259523065,#DIV/0!
GOOG,2023-03-09,94.48999786,95.91999817,92.35500336,92.66000366,92.66000366,24438900,-1.829994202,-1.936706787,#DIV/0!
GOOG,2023-03-10,92.5,93.18000031,90.80000305,91.01000214,91.01000214,32850100,-1.489997864,-1.610808501,#DIV/0!
GOOG,2023-03-13,90.56500244,93.08000183,89.94000244,91.66000366,91.66000366,31508600,1.095001221,1.209077669,#DIV/0!
GOOG,2023-03-14,93.06999969,94.83000183,92.77999878,94.25,94.25,32303900,1.180000305,1.267863231,#DIV/0!
GOOG,2023-03-15,93.54000092,97.25,93.04000092,96.55000305,96.55000305,38367300,3.010002136,3.217876958,#DIV/0!
GOOG,2023-03-16,96.56999969,101.9700012,95.87000275,101.0699997,101.0699997,54499500,4.5,4.659832261,#DIV/0!
GOOG,2023-03-17,100.8399963,103.4899979,100.75,102.4599991,102.4599991,76140300,1.620002747,1.606508137,#DIV/0!
GOOG,2023-03-20,101.0599976,102.5800018,100.7900009,101.9300003,101.9300003,26033900,0.870002747,0.860877466,#DIV/0!
GOOG,2023-03-21,101.9800034,105.9599991,101.8600006,105.8399963,105.8399963,33122800,3.859992981,3.785048886,#DIV/0!
GOOG,2023-03-22,105.1399994,107.5100021,104.2099991,104.2200012,104.2200012,32336900,-0.919998169,-0.875022041,#DIV/0!
GOOG,2023-03-23,105.8899994,107.1009979,105.4100037,106.2600021,106.2600021,31385800,0.370002747,0.349421804,#DIV/0!
GOOG,2023-03-24,105.7399979,106.1600037,104.7399979,106.0599976,106.0599976,25245000,0.319999695,0.302628808,#DIV/0!
GOOG,2023-03-27,105.3199997,105.4000015,102.6299973,103.0599976,103.0599976,25393400,-2.260002136,-2.14584328,#DIV/0!
GOOG,2023-03-28,103,103,100.2799988,101.3600006,101.3600006,24913500,-1.63999939,-1.592232417,#DIV/0!
GOOG,2023-03-29,102.7200012,102.8199997,101.0299988,101.9000015,101.9000015,26148300,-0.819999695,-0.798286298,#DIV/0!
GOOG,2023-03-30,101.4400024,101.6100006,100.2900009,101.3199997,101.3199997,25009800,-0.120002747,-0.118299235,#DIV/0!
GOOG,2023-03-31,101.7099991,104.1900024,101.4400024,104,104,28086500,2.290000916,2.251500281,#DIV/0!
GOOG,2023-04-03,102.6699982,104.9499969,102.3799973,104.9100037,104.9100037,20719900,2.240005493,2.181752735,#DIV/0!
GOOG,2023-04-04,104.8399963,106.0999985,104.5999985,105.1200027,105.1200027,20377200,0.280006409,0.267079758,#DIV/0!
GOOG,2023-04-05,106.1200027,106.5400009,104.1019974,104.9499969,104.9499969,21864200,-1.170005798,-1.102530878,#DIV/0!
GOOG,2023-04-06,105.7699966,109.6299973,104.8150024,108.9000015,108.9000015,34684200,3.130004883,2.959255916,#DIV/0!
GOOG,2023-04-10,107.3899994,107.9700012,105.5999985,106.9499969,106.9499969,19741500,-0.440002441,-0.409723851,#DIV/0!
GOOG,2023-04-11,106.9199982,107.2200012,105.2799988,106.1200027,106.1200027,18721300,-0.799995422,-0.748218702,#DIV/0!
GOOG,2023-04-12,107.3899994,107.586998,104.9700012,105.2200012,105.2200012,22761600,-2.169998169,-2.020670622,#DIV/0!
GOOG,2023-04-13,106.4700012,108.2649994,106.4400024,108.1900024,108.1900024,21650700,1.720001221,1.615479667,#DIV/0!
GOOG,2023-04-14,107.6900024,109.5800018,107.5899963,109.4599991,109.4599991,20745400,1.769996643,1.643603494,#DIV/0!
GOOG,2023-04-17,105.4300003,106.7099991,105.3199997,106.4199982,106.4199982,29043400,0.989997864,0.939009638,#DIV/0!
GOOG,2023-04-18,107,107.0500031,104.7799988,105.1200027,105.1200027,17641400,-1.879997253,-1.757006779,#DIV/0!
GOOG,2023-04-19,104.2149963,105.7249985,103.8000031,105.0199966,105.0199966,16732000,0.805000305,0.772441907,#DIV/0!
GOOG,2023-04-20,104.6500015,106.8880005,104.6399994,105.9000015,105.9000015,22515300,1.25,1.194457699,#DIV/0!
GOOG,2023-04-21,106.0899963,106.6399994,105.4850006,105.9100037,105.9100037,22369800,-0.179992676,-0.169660366,#DIV/0!
GOOG,2023-04-24,106.0500031,107.3199997,105.3600006,106.7799988,106.7799988,21410900,0.729995728,0.688350501,#DIV/0!
GOOG,2023-04-25,106.6100006,107.4400024,104.5599976,104.6100006,104.6100006,31408100,-2,-1.875996612,#DIV/0!
GOOG,2023-04-26,105.5599976,107.0199966,103.2699966,104.4499969,104.4499969,37068200,-1.11000061,-1.051535275,#DIV/0!
GOOG,2023-04-27,105.2300034,109.1500015,104.4199982,108.3700027,108.3700027,38235200,3.13999939,2.983939266,#DIV/0!
GOOG,2023-04-28,107.8000031,108.2900009,106.0400009,108.2200012,108.2200012,23957900,0.419998169,0.38960868,#DIV/0!
GOOG,2023-05-01,107.7200012,108.6800003,107.5,107.7099991,107.7099991,20926300,-0.010002136,-0.00928531,#DIV/0!
GOOG,2023-05-02,107.6600037,107.7300034,104.5,105.9800034,105.9800034,20343100,-1.680000305,-1.560468371,#DIV/0!
GOOG,2023-05-03,106.2200012,108.1299973,105.6200027,106.1200027,106.1200027,17116300,-0.099998474,-0.094142791,#DIV/0!
GOOG,2023-05-04,106.1600037,106.3000031,104.6999969,105.2099991,105.2099991,19780600,-0.950004578,-0.894879941,#DIV/0!
GOOG,2023-05-05,105.3199997,106.4400024,104.7389984,106.2149963,106.2149963,20705300,0.894996643,0.849787928,#DIV/0!
